<?xml version="1.0"?>
<!DOCTYPE suppressions PUBLIC
    "-//Puppy Crawl//DTD Suppressions 1.1//EN"
    "http://www.puppycrawl.com/dtds/suppressions_1_1.dtd">
<!-- $Revision: 4 $ -->
<suppressions>
    <!-- Tone down the checking for test code -->
    <suppress checks="MagicNumber" files="[\\/]*Test.java$"/>
    <suppress checks="EmptyBlock" files="[\\/]*Test.java$"/>
    <suppress checks="ImportControl" files="[\\/]*Test.java$"/>
    <suppress checks="Javadoc" files="[\\/]*Test.java$"/>
    <suppress checks="MethodCount" files="[\\/]*Test.java$"/>
    <suppress checks="EqualsAvoidNull" files="[\\/]*Test.java$"/>
    <suppress checks="DesignForExtension" files="[\\/]*Test.java$"/>

    <!-- Suppressions to remove over time -->
    <suppress checks="FinalLocalVariable" files=".*[\\/]src[\\/]tests[\\/]"/>
    <suppress checks="LineLength" files="[\\/]*Test.java$"/>
    <suppress checks="Name" files="[\\/]*Test.java$"/>

    <!--
      Turn off all checks for Princeton library code.
      -->
    <suppress checks="." files=".*[\\/]StdDraw\.java"/>
    <suppress checks="." files=".*[\\/]StdAudio\.java"/>
    <!--
      Turn off all checks for Generated and Test code. Fixes issues with using
      Eclipse plug-in.
      -->
    <suppress checks="." files=".*[\\/]grammars[\\/]Generated[a-zA-Z]*\.java"/>
    <suppress checks="." files=".*[\\/]grammars[\\/]Generated[a-zA-Z]*\.java"/>
    <suppress checks="." files=".*[\\/]checkstyle[\\/]gui[\\/]"/>
</suppressions>
